id;title;content;author_name;category;reply_count;view_count;is_pinned;is_featured;created_at;updated_at;user_id;tags;symbol;asset_type
2118d0ec-ec83-460b-a701-a8a995918516;Best ETFs for long-term growth?;"The recent news has got me thinking about this topic. Lets discuss.

I would love to hear your perspectives on best etfs for long-term growth? and any experiences you can share.";Amira Saleh;general;27;71;false;true;2025-10-21 11:45:46.470993+00;2025-11-17 16:45:46.470993+00;ac7778be-70c5-4cd3-9639-e0a259106d70;[];;
9dfa134c-754f-4551-adf4-f62342faaf5e;Tesla's valuation - overpriced or justified?;"Alright folks, dive in! I've been a Tesla bull (or at least a hopeful observer) for a long time, and I remember back when everyone thought $100 was insane. Now we're a few hundred percent higher, and the valuation question feels more pressing than ever. Every time TSLA has a strong run, the ""bubble"" talk gets louder, and conversely, every dip is met with ""told you so"" from the bears. I've personally been wrestling with whether to add to my (small) position, or whether I should trim given the current market climate and what some of the traditional metrics suggest.

I've been looking at the numbers, and the P/E ratio is still eye-watering when you compare it to established automakers. Even if you factor in projected growth for the next few years, it's still priced for near-perfection. That said, Tesla isn't *just* an automaker anymore. You've got the energy storage division, the Supercharger network, AI/FSD ambitions, and even Optimus potentially on the horizon. How do you even begin to factor those future growth vectors into a present-day valuation? Are traditional valuation models even equipped to handle a company like this, which frankly, is trying to create entirely new industries while dominating an old one?

So, I'm genuinely curious to hear everyone's take.

1. For those who see the current valuation as justified, what specific future segments or technologies are you heavily weighting in your model that others might be missing?
2. Conversely, for those who believe it's significantly overvalued, what are the biggest red flags or ignored risks that aren't being priced in? Are we underestimating competition, or perhaps overestimating the TAM for their non-automotive ventures?
3. How much of the current price do you attribute to ""cult of personality"" around Elon Musk versus fundamental business strength and future potential? And how sustainable is that dynamic?

Let's keep it civil and insightful. No ""to the moon"" or ""it's going to zero"" without some actual reasoning, please!";TechStockFan;stocks;6;100;false;true;2025-10-06 13:31:41.257+00;2025-12-15 13:31:49.864+00;;"[""TSLA"",""valuation""]";;
d724d7ac-c6b3-49ed-b434-6e90ece62b19;Understanding expense ratios in ETFs;"Hey everyone,

I've been dipping my toes into ETF investing recently, and while I'm getting the hang of diversification and tracking specific indices, one thing that keeps coming up – and frankly, confusing me a bit – is the expense ratio. I've read a few articles and watched some YouTube videos explaining what it is (basically, the annual fee charged by the fund, expressed as a percentage of your investment), but I feel like I'm missing some of the nuance about its real-world impact over time.

For example, I'm looking at a couple of S&P 500 ETFs. One has an expense ratio of 0.03%, and another is 0.09%. On the surface, that looks like a tiny difference, like three cents versus nine cents on a hundred dollars, which doesn't seem like much. But then I hear people say that even small differences can compound into significant amounts over decades, and that's where my brain starts to tie itself in knots. I want to make sure I'm not overlooking a crucial factor that could erode my returns significantly in the long run.

So, I'd love to tap into the collective wisdom here. Specifically, I'm wondering:

1.  How do *you* personally weigh expense ratios when comparing similar ETFs, especially when the difference seems marginal? Is there a mental threshold where a higher expense ratio becomes a dealbreaker for you?
2.  Beyond the raw percentage, are there any other ""hidden"" costs or factors related to fund management that I should be aware of and factor into my decision-making?
3.  Are there certain types of ETFs (e.g., actively managed vs. passively managed, niche sectors vs. broad market) where a slightly higher expense ratio might be more justifiable?

Any insights, anecdotes, or rules of thumb you folks use would be super helpful in clarifying this for a relatively new investor. Thanks in advance for shedding some light on this!";InvestorPro_Mike;beginners;6;320;false;true;2025-09-29 13:30:01.807+00;2025-12-15 13:30:11.253+00;;"[""ETF"",""costs""]";;
4ba5b20e-6a94-451d-bf60-3557012ed093;Dividend investing strategies for passive income;"Looking at the data, I see some patterns worth discussing.

I would love to hear your perspectives on dividend investing strategies for passive income and any experiences you can share.";Héctor Domínguez;crypto;42;2;false;true;2025-09-27 12:50:08.211485+00;2025-10-11 05:50:08.211485+00;92443ae7-8d37-4838-abca-ac3044e6a912;[];;
100073c1-e6f1-4aae-bee2-8d72c01850b1;Welcome to the Community!;This is a place to discuss all things investing. Please be respectful and follow our community guidelines.;Admin;general;0;150;true;true;2025-12-11 15:34:37.695325+00;2025-12-11 15:34:37.695325+00;;[];;
ec795150-3fb2-4e20-9495-6dd6ad3cfb19;How much money do I need to start investing?;"Hey everyone,

I'm pretty new to the investing world and have been doing a fair bit of research lately, but I keep running into the same kind of vague advice, and honestly, it's making my head spin a little. I've been lurking here for a bit and figured this was the best place to ask some more direct questions.

My biggest hang-up right now is figuring out how much actual cash I need to get started. I see a lot of articles saying things like ""start with what you can afford"" or ""even a small amount is good,"" which is helpful in theory, but when I try to translate that into a concrete dollar figure, I'm drawing a blank. I'm not looking to get rich overnight, just trying to build some wealth long-term and get my money working for me instead of just sitting in a savings account earning next to nothing.

I've been playing around with some budgeting apps and have a pretty good handle on my monthly expenses. I'm able to save a decent chunk of my paycheck, so I'm not worried about having *nothing* to invest. My main concern is more about minimums for different platforms or strategies, and if starting too small is actually counterproductive. Like, if I put $50 into something, are the fees just going to eat it all up? Or am I better off saving up a few hundred or even a thousand before I jump in?

So, my specific questions for you experienced folks are:

1. In your opinion, what's a realistic *minimum* starting amount that allows a beginner to actually see some progress, even if it's slow?
2. Are there specific platforms or types of investments (e.g., ETFs, mutual funds, individual stocks via fractional shares) that are more forgiving for smaller initial investments when it comes to fees and accessibility?
3. Is there a point where saving up *more* first is genuinely better than starting with a smaller amount and investing consistently? Or does consistent smaller contributions always win?

Thanks in advance for any insights you can offer! Really appreciate the help.";YieldChaser_Kate;beginners;7;144;false;true;2025-12-05 13:39:43.985+00;2025-12-15 13:39:50.168+00;;"[""beginner"",""budget""]";;
94884de5-ab91-4714-9afe-6a900d472af7;Bitcoin halving impact discussion;With the recent halving, what do you think will happen to BTC price in the next 6 months?;CryptoFan;crypto;5;262;false;true;2025-12-11 15:34:37.695325+00;2025-12-11 15:34:37.695325+00;;[];;
f6618e83-d655-4a08-84d8-d12806a408d4;What are your thoughts on index funds?;"This is something I have been researching for a while. Here are my thoughts.

I would love to hear your perspectives on what are your thoughts on index funds? and any experiences you can share.";Youssef Mansour;news;15;848;false;true;2025-11-30 00:31:45.267582+00;2025-12-11 23:31:45.267582+00;a99f28cd-2bd3-434c-a1bf-13ace1a350fe;[];;
2a17d3b5-fa44-4192-9526-443a80db1eae;Tax-advantaged accounts explained (401k, IRA, Roth);"Hey everyone, long-time lurker, first-time poster here! I’ve been really trying to get my finances in order lately, especially with retirement feeling a lot less ""future problem"" and more ""oh crap, that's coming up fast."" I've been doing a bit of reading, and it seems like everyone always talks about these ""tax-advantaged accounts"" like 401ks, IRAs, and Roths as the holy grail of saving for the future. I get the *concept* – government gives me a break on taxes so I save more – but the actual mechanics and choosing the right one feel a lot more complex than the simple ""just contribute!"" advice I often hear.

I opened a basic savings account when I first started working, and recently began investing a small amount in a regular brokerage account. But with all this talk about tax benefits, I'm starting to worry I'm leaving a lot of money on the table by not properly utilizing these accounts. I've been trying to wrap my head around the ""pre-tax"" vs. ""post-tax"" idea, and when it makes sense to choose one over the other. My employer offers a 401k with a match, which I understand is a ""no-brainer"" to contribute to, but then there's IRAs and Roth IRAs, and it feels like there are income limitations and contribution limits that add another layer of complexity.

So, I was hoping to tap into the collective wisdom here!

1. Could someone break down, in simple terms, the core difference between a traditional 401k/IRA and a Roth 401k/IRA, especially concerning *when* you pay taxes?
2. How do you decide which one is ""better"" for your personal situation? Is it purely based on current vs. expected future income tax brackets, or are there other factors to consider?
3. Since my employer offers a 401k, should my first priority be maxing that out *before* considering an IRA/Roth IRA? Or is there a scenario where contributing to an IRA first makes more sense?

Really appreciate any insights you all can offer. Thanks in advance!";DividendHunter;beginners;4;55;false;true;2025-11-22 13:40:32.371+00;2025-12-15 13:40:39.522+00;;"[""taxes"",""retirement""]";;
fb8689b8-78d9-4d35-9d42-cbc4990319fa;Bitcoin vs Ethereum - which is better for 2025?;"I have been researching this topic extensively and would love to hear your thoughts and experiences.

I would love to hear your perspectives on bitcoin vs ethereum - which is better for 2025? and any experiences you can share.";Patricia Serrano;etfs;2;794;false;true;2025-11-22 03:14:09.480449+00;2025-11-25 06:14:09.480449+00;99ec8746-6204-43e0-a36c-4f831a15106e;[];;
985915e4-7cfe-4a2c-84b1-d54275913851;How to start investing with $1000?;I have $1000 to invest. What would be the best strategy for a complete beginner?;Starter123;beginners;5;340;true;true;2025-12-11 15:34:37.695325+00;2025-12-11 15:34:37.695325+00;;[];;
8892c951-79a3-497a-b66c-c7fd0bbfdb3c;Best dividend stocks for 2024?;Looking for recommendations on solid dividend-paying stocks. What are your top picks?;InvestorJohn;stocks;0;89;false;true;2025-12-11 15:34:37.695325+00;2025-12-11 15:34:37.695325+00;;[];;
7ca935f4-2d65-41dc-a01f-38487f4b2204;Is now a good time to invest in tech stocks?;"After analyzing the market trends, I believe there are some interesting opportunities to discuss.

I would love to hear your perspectives on is now a good time to invest in tech stocks? and any experiences you can share.";Kofi Mensah;etfs;26;881;false;true;2025-11-13 17:01:30.223263+00;2025-12-08 00:01:30.223263+00;bfe96582-8a3a-4eeb-9628-6102bbdd4504;[];;
0f1cf46e-279c-4208-886e-e10ba579a87e;VOO vs VTI - which is better?;Trying to decide between these two popular ETFs for my long-term portfolio. Thoughts?;NewInvestor;etfs;4;115;false;true;2025-12-11 15:34:37.695325+00;2025-12-11 15:34:37.695325+00;;[];;
2fe576b2-fd60-4b3b-8341-dd606a083326;What broker should I choose as a complete beginner?;"Hey everyone,

Long-time lurker, first-time poster here! I've been actively reading through a ton of threads on this forum for the past few months, soaking up all the amazing advice, and I finally feel ready to dip my toes into actual investing. The problem is, I'm completely overwhelmed when it comes to choosing a broker. It feels like there are hundreds of options, and each one claims to be the ""best"" for new investors.

I've done some initial digging, mostly looking at a few names that pop up frequently in beginner guides like Fidelity, Schwab, Vanguard, and Robinhood. My goal right now is pretty simple: I want to start with a diversified portfolio of ETFs and maybe a few individual stocks once I get more comfortable. I'm not looking to become a day trader; more of a ""buy and hold"" kind of person for the long run. I also want something with an intuitive interface, as I'm a complete novice and don't want to get lost in complex charts or features I don't understand yet. I'm definitely a mobile-first user, so a solid app is a huge plus.

My budget for starting out isn't massive – probably around $500 to $1,000 to begin. I’m hoping to add to it regularly over time. I’m also a bit wary of really high fees eating into my small contributions, so low or no commission trading is really appealing.

So, to the experts here, I have a few specific questions:

1.  Beyond the big names I've mentioned, are there any lesser-known but highly recommended brokers for absolute beginners that I should be looking at?
2.  What are the absolute must-have features I should prioritize as a new investor, especially when it comes to learning and educational resources?
3.  Given my desire for a mobile-first, intuitive experience with ETFs and some individual stocks, are there any brokers that truly stand out in that specific niche without overwhelming me with advanced tools I won't use yet?

Thanks in advance for any wisdom you can share! This community has already been an incredible resource.";BreakoutBetty;beginners;6;279;false;true;2025-11-03 13:29:12.358+00;2025-12-15 13:29:19.578+00;;"[""broker"",""beginner""]";;
8de30cbd-c36d-4462-890e-a0acbccd726a;Fed rate decision impact;How do you think the latest Fed announcement will affect the markets?;MarketWatcher;news;4;237;false;true;2025-12-11 15:34:37.695325+00;2025-12-11 15:34:37.695325+00;;[];;
89313812-6996-4fbd-84b5-abbb2ab7162b;Tesla's valuation - overpriced or justified?;"Alright folks, let's dive into a perennial classic that stirs the pot every time – TSLA's valuation. My personal journey with Tesla has been a rollercoaster. I missed the early boat, bought in a little high, watched it dip, then soar, and now I’m just trying to make sense of where it actually stands. Every earnings report feels like a spectacle, and the narratives around the company are so polarizing.

On one hand, you have the undeniable innovation, the brand loyalty, the insane margins on software (FSD, though perpetually in beta, is a huge potential future revenue stream), and the continued expansion into energy solutions. They've built a manufacturing powerhouse from the ground up, and while legacy automakers are finally catching up, Tesla’s head start and direct-to-consumer model are significant advantages. Plus, the charismatic leadership, love him or hate him, definitely plays a role in the ""cult"" aspect that props up the stock.

On the other hand, the numbers are just… high. Even with impressive growth, the P/E ratios have often been astronomical compared to established companies. Critics point to the increasing competition, the slowing growth rate in some segments, and the reliance on regulatory credits. Is the market still pricing in a future where Tesla dominates every aspect of transportation and energy, or have we reached a point where reality needs to catch up? My own research has me leaning slightly towards ""overpriced"" at current levels, but then I see the next innovation or expansion news and I question myself again.

So, I’m genuinely curious:

1. How much of Tesla's current valuation do you attribute to its automotive business versus its energy and software ambitions? Are we overestimating the latter?
2. With the rise of credible EV competitors (Ford, Hyundai, BYD, etc.), how sustainable do you think Tesla's premium pricing and market share are in the long term?
3. What's the key metric you personally look at for TSLA that determines if it's a buy, hold, or sell for you right now? Is it delivery numbers, FSD adoption, gross margins, or something else entirely?

Let's keep it civil and insightful, really keen to hear some different perspectives on this one!";ContrarianCarl;stocks;4;346;false;true;2025-09-19 13:41:34.669+00;2025-12-15 13:41:41.909+00;;"[""TSLA"",""valuation""]";;
a7b02165-464d-4cbd-a9e9-c8716e4d3537;What broker should I choose as a complete beginner?;"Hey everyone,

I've been lurking here for a few weeks, soaking up all the amazing advice, and I think I'm finally ready to dip my toes into the investing world. It's a bit overwhelming, to be honest! I've been trying to educate myself – reading articles, watching YouTube videos (sometimes too many!), and even downloaded a few books. The general consensus seems to be ""just start,"" but then comes the big hurdle: *how* to start, specifically with choosing a broker.

I'm a complete newbie, as in, I haven't even opened an investment account yet. My current finances are in order (emergency fund, no high-interest debt), and I'm looking to put aside a consistent amount each month for long-term growth, likely focusing on ETFs or low-cost index funds to begin with. I'm not looking to day trade or speculate; just slow and steady wealth building.

I've looked at a few options like Fidelity, Schwab, Vanguard, and even some of the newer apps like Robinhood (though I'm a bit wary of its gamified approach for a beginner). Fidelity and Schwab seem to come up a lot for beginners due to their educational resources and zero commissions, which sounds great. Vanguard, of course, is praised for its low-cost funds.

So, for those of you who started from scratch, what was your experience like?

1.  What features are truly *essential* for a beginner broker, beyond just low fees and commission-free trading? Are there specific educational tools or customer support aspects I should prioritize?
2.  Are there any platforms that might seem good initially but have hidden downsides for someone just starting out that I should be aware of?
3.  Given my goal of long-term, passive investing in ETFs/index funds, which broker would you personally recommend for someone literally opening their very first investment account?

Thanks in advance for any insights – this community has already been a huge help!";InvestorPro_Mike;beginners;4;292;false;true;2025-10-22 13:39:29.894+00;2025-12-15 13:39:39.28+00;;"[""broker"",""beginner""]";;
8c517fb8-8f97-44db-9d54-89413920ae28;How to build a diversified portfolio;"After analyzing the market trends, I believe there are some interesting opportunities to discuss.

I would love to hear your perspectives on how to build a diversified portfolio and any experiences you can share.";Mikhail Volkov;etfs;24;370;false;true;2025-12-06 13:52:43.961785+00;2025-12-28 18:52:43.961785+00;576ee9e9-60e1-452d-b888-04f85a956c1d;[];;
ca57a910-4169-4847-9c45-b061618089d6;Cryptocurrency regulations and their impact;"What strategies have worked best for you in this area?

I would love to hear your perspectives on cryptocurrency regulations and their impact and any experiences you can share.";Andrés Torres;beginners;12;403;false;true;2025-10-10 07:13:46.165822+00;2025-10-23 05:13:46.165822+00;7da58c19-3ce1-4dbd-8603-1c804beb8d91;[];;
420a241a-b1fe-4181-9be6-8e2f0e57f27c;How much money do I need to start investing?;"Hey everyone,

I'm a long-time lurker, first-time poster here – been soaking up a ton of great advice from all of you! I'm finally at a point where I want to seriously dive into investing, but I’ve hit a bit of a mental roadblock, or maybe more accurately, a financial one. I keep seeing articles and videos spouting different minimums, everything from ""you can start with just $5!"" to ""you need at least $1,000 to make it worthwhile."" It's honestly a bit overwhelming, and I'm trying to figure out what's realistic for someone just starting out, especially with a modest budget.

Right now, after covering my rent, bills, and a small emergency fund cushion, I'm looking at maybe $100-$200 a month that I could consistently put towards investing. I've done some basic research on fractional shares and commission-free trading platforms, which sounds promising for smaller amounts, but I’m still not sure if that’s actually enough to build anything meaningful over time. My main goal initially is long-term growth, maybe some ETFs or index funds, nothing too fancy or high-risk. I'm not looking to get rich quick, just to get a foot in the door and start building some wealth for the future.

So, I was hoping to tap into the collective wisdom here.

1. Based on my budget (aiming for $100-$200/month), what would you consider a realistic minimum to genuinely *start* investing, where ""starting"" means more than just a symbolic first dollar? Should I save up a larger lump sum first, or is consistent small contributions effective from day one?

2. Are there specific platforms or strategies you’d recommend for someone with this kind of starting budget, especially if they're focused on ETFs/index funds and long-term growth?

3. Beyond the dollar amount, are there any other ""minimums"" I should be thinking about – like a minimum understanding of market basics or certain financial habits – before I even hit ""buy""?

Thanks in advance for any insights you can share! Really appreciate this community.";MomentumPlayer;beginners;6;146;false;true;2025-10-04 13:29:25.024+00;2025-12-15 13:29:34.96+00;;"[""beginner"",""budget""]";;
06cced57-31e3-4e14-80c0-9be3ec69a18e;How to read a company's balance sheet;"Hey everyone,

I've been dipping my toes into stock investing for a few months now, mostly by following some well-known advice and looking at a company's story. But I'm starting to realize that to truly understand what I'm investing in, I need to dig deeper than just headlines and analyst ratings. I keep hearing about ""fundamentals"" and how critical it is to understand a company's financial health, and that's where the balance sheet comes in.

I've tried reading a few articles and watched some YouTube videos about balance sheets, and while I get the basic idea – assets, liabilities, equity – it still feels a bit like deciphering a foreign language. I can see the numbers, but making sense of their implications for a company's long-term viability or short-term stability is where I get lost. I feel like I'm looking at individual trees without seeing the forest. For example, I understand what ""current assets"" are, but how do I use that figure to assess liquidity effectively?

This forum seems like the perfect place to get some real-world insights from people who've been doing this for a while. I’m really keen to learn how to move beyond just identifying what each line item *is* and actually start *interpreting* them.

Specifically, I’d love to hear:

1.  What are the absolute *must-look-at* ratios or metrics you instantly check for when reviewing a balance sheet, especially for a beginner? I've heard of things like the current ratio and debt-to-equity, but are there others that are equally or more important that often get overlooked?
2.  How do you typically compare a company's balance sheet year-over-year or against industry peers? Are there any common pitfalls to avoid when doing these comparisons?
3.  Are there any red flags on a balance sheet that instantly make you wary, even if the income statement looks good? For instance, what's a sign of impending trouble that might not be obvious to a newbie?

Thanks in advance for any insights you can share! I’m really eager to level up my analysis skills.";MomentumPlayer;beginners;10;494;false;true;2025-12-13 13:30:16.424+00;2025-12-15 13:30:25.581+00;;"[""analysis"",""fundamentals""]";;
70f221ef-7ddd-4dd0-b298-ee99421fdfa4;How to analyze a companys financial statements;"The recent news has got me thinking about this topic. Lets discuss.

I would love to hear your perspectives on how to analyze a companys financial statements and any experiences you can share.";Rasmus Jensen;general;10;504;false;true;2025-11-26 18:53:34.068298+00;2025-12-07 08:53:34.068298+00;609b8558-8727-4626-97a3-d1f04a271346;[];;
89ddfdb8-813c-42cc-a459-19af5f4f6cd7;Growth stocks vs value stocks debate;"This is something I have been researching for a while. Here are my thoughts.

I would love to hear your perspectives on growth stocks vs value stocks debate and any experiences you can share.";Carmen Vega;stocks;17;766;false;true;2025-11-18 20:51:13.619212+00;2025-12-04 07:51:13.619212+00;9ccc952c-8b7f-4860-b5a8-4e44258bee8e;[];;
58f15cf4-920a-497b-8f83-bb197a1273a4;Investing during market volatility;"Looking at the data, I see some patterns worth discussing.

I would love to hear your perspectives on investing during market volatility and any experiences you can share.";Carmen Vega;crypto;32;335;false;true;2025-09-21 05:14:23.348898+00;2025-09-23 21:14:23.348898+00;9ba372c8-986d-407d-9a99-a652c353149b;[];;
98243657-6dfc-4b47-bfbd-d298b7dd3fd7;Dollar-cost averaging vs lump sum investing;"Hey everyone, new here and really diving into learning about investing – it's a lot to take in! I've been reading a ton of articles and lurking through some past discussions, and one topic that keeps popping up and honestly has me a bit stumped is the whole dollar-cost averaging (DCA) vs. lump sum investing debate, especially for someone just starting out.

My situation is, I've managed to save up a decent chunk of money over the last couple of years that's currently just sitting in a high-yield savings account. It’s not an emergency fund, that’s separate. I’m talking about long-term investment money – probably enough to make a noticeable impact if put into the market. Originally, I just figured I’d dump it all in at once, mainly for simplicity. But then I started seeing all this talk about DCA, especially with the market being so… unpredictable lately. The idea of spreading out my buys to avoid a potential downturn right after I invest *all* my money definitely has its appeal. I read somewhere that historically, lump sum tends to perform better about two-thirds of the time, but that statistic feels a bit abstract when you're looking at your own hard-earned cash!

So, for those of you who've been through this or just have a lot more experience, I'd love to hear your thoughts.

1. For a beginner like me with a decent lump sum ready to deploy, what factors should I *really* be considering when deciding between DCA and lump sum? Is it purely about risk tolerance, or are there other practical considerations I might be missing?
2. If you do advocate for DCA, over what kind of timeframe do you typically recommend spreading out investments (e.g., 6 months, 12 months, 24 months)? Does the amount being invested influence this timeframe?
3. Are there any particular market conditions (bull, bear, volatile) where one strategy clearly outweighs the other for a newbie? Or is it more about sticking to a plan regardless?

Thanks in advance for any insights! This community seems super helpful, and I'm eager to learn from you all.";ValueInvestor_Tom;beginners;4;53;false;true;2025-09-17 13:39:55.128+00;2025-12-15 13:40:01.818+00;;"[""strategy"",""beginner""]";;
7c828e9b-5ff3-412d-9fdb-db8534f3cdc6;Financial sector analysis;"I have been researching this topic extensively and would love to hear your thoughts and experiences.

I would love to hear your perspectives on financial sector analysis and any experiences you can share.";Burak Çelik;etfs;34;781;false;true;2025-12-11 08:31:09.830936+00;2026-01-13 15:31:09.830936+00;cf622310-3e09-4623-b5db-0652079b4e64;[];;
85b45877-e3d2-463d-ab65-ad26bb12b3b2;International diversification benefits;"Looking for advice from experienced investors on this matter.

I would love to hear your perspectives on international diversification benefits and any experiences you can share.";Daniela Ortiz;beginners;31;354;false;true;2025-12-10 06:08:05.297528+00;2026-01-05 14:08:05.297528+00;705d9189-e598-4c47-8cf1-2cd2e6f1d8dc;[];;
9bfc2e7c-2281-46ec-8399-e3a7210a9aa4;AI and tech sector outlook;"After analyzing the market trends, I believe there are some interesting opportunities to discuss.

I would love to hear your perspectives on ai and tech sector outlook and any experiences you can share.";Sanjay Kumar;crypto;28;152;false;true;2025-12-05 22:19:53.207903+00;2025-12-31 13:19:53.207903+00;1862f9f6-1655-4beb-ab15-7edf6b77f29b;[];;
13969890-b361-41be-bf5b-8cdc6cc0e933;Bonds in a rising rate environment;"What strategies have worked best for you in this area?

I would love to hear your perspectives on bonds in a rising rate environment and any experiences you can share.";Faisal Al-Mutairi;news;31;406;false;true;2025-11-11 14:21:04.356945+00;2025-12-11 21:21:04.356945+00;bb40122f-efb1-488c-9b6e-e1c6b216b694;[];;
e2fecde0-301d-4777-a549-08d32f78532b;What's the difference between stocks and bonds?;"Hey everyone! Long-time lurker, first-time poster here. I've been dipping my toes into the world of investing lately, trying to move past just having my money sit in a savings account. I've been doing a lot of reading, watching YouTube videos, and even picked up a few books, and the concepts of stocks and bonds keep coming up as the foundational building blocks of pretty much any portfolio.

I think I have a decent grasp on what a stock is – basically owning a tiny piece of a company, hoping it grows so my piece becomes more valuable, or they pay me dividends. Amazon, Apple, Coca-Cola… these are all companies I can buy shares in. Makes sense to me.

Bonds, though? That's where things get a little fuzzier. I understand they're essentially loans you give to a company or a government, and in return, they pay you interest over a set period and then give you your original money back at the end. It sounds like a less volatile, more predictable way to invest, almost like a glorified savings account with a fixed return. I've heard terms like ""fixed income"" and ""maturity date,"" which seem to fit that description.

My main confusion comes when people talk about *why* you'd choose one over the other, or how they balance each other in a portfolio. Is it purely a risk tolerance thing? Like, if you're super aggressive, you go 100% stocks, and if you're nearing retirement, you load up on bonds?

So, I have a few specific questions for the veterans here:

1.  What's a practical, real-world example of *when* you'd prioritize buying bonds over stocks, even if you’re relatively young? Is there a specific market condition or personal financial goal that makes bonds really shine?
2.  Beyond just ""less risk,"" what are some of the other key advantages of holding bonds in a portfolio? Are there benefits that aren't immediately obvious to a beginner focusing solely on growth?
3.  Are there different *types* of bonds I should be aware of beyond just corporate vs. government? I’ve seen “municipal bonds” mentioned, but I’m not clear on what makes them distinct or attractive.

Thanks in advance for any insights! This community has been a wealth of information already.";BondBuff_Chris;beginners;6;420;false;true;2025-11-02 13:30:45.756+00;2025-12-15 13:30:54.961+00;;"[""basics"",""bonds""]";;
384137d7-bb84-47a0-a65d-fcc390190ed4;Small cap vs large cap stocks;"Looking at the data, I see some patterns worth discussing.

I would love to hear your perspectives on small cap vs large cap stocks and any experiences you can share.";Raj Patel;crypto;31;72;false;true;2025-10-27 22:52:26.993892+00;2025-11-28 16:52:26.993892+00;0eff69df-fe1d-4d90-aa30-4b7239775094;[];;
33b45740-bb62-454f-8ec9-917519800031;Dollar-cost averaging vs lump sum investing;"Hey everyone!

I've been lurking for a while, soaking up all the amazing advice here, and now I finally feel ready to ask my first ""newbie"" question. I've been saving up a decent chunk of change – about $15,000 – that I want to invest in a broad market ETF (thinking VOO or SPY, still researching the subtle differences there). My head's been spinning trying to figure out the best way to actually *put* that money in.

Everywhere I look, it's this big debate: dollar-cost averaging (DCA) versus lump sum investing. On one hand, part of me thinks, ""Just get it in there! Time in the market beats timing the market,"" which seems to be the mantra of the lump sum crowd. The idea of just dumping it all in and letting it ride is appealingly simple.

But then my more cautious side pipes up. What if I dump it all in right before a big dip? That thought sends shivers down my spine. DCA, where I'd spread that $15k out over, say, 6 or 12 months, feels like it would ease my anxiety and protect me from a potential immediate downturn. I've read some studies suggesting lump sum generally performs better over the long run, but those often assume perfect market timing or don't account for the psychological comfort of DCA. For someone just starting out, that comfort factor feels pretty significant.

So, I'm genuinely torn and hoping to hear from those of you with more experience.

1. For someone investing a *new* lump sum amount like this, rather than ongoing contributions, what are your personal experiences and recommendations for DCA vs. lump sum? Did you start with one and switch?
2. Beyond the pure statistical performance, how much did the psychological aspect (fear of market dips, comfort of easing in) play into your decision when you first started?
3. If you do recommend DCA for a chunk of money like this, what kind of timeline do you usually target (e.g., 3 months, 6 months, 12 months), and why?

Thanks a ton in advance for any insights! Really appreciate this community.";ESGInvestor_Emma;beginners;6;442;false;true;2025-10-17 13:29:39.677+00;2025-12-15 13:29:51.523+00;;"[""strategy"",""beginner""]";;
75c89835-fbcf-4ef9-bbed-680f51972936;Emergency fund vs investing - what comes first?;"Hey everyone,

I'm pretty new to serious investing, and I've been wrestling with a common dilemma lately that I'm sure many of you have faced: emergency fund vs. investing. I've read a bunch of articles and watched a few YouTube videos, and the general consensus seems to be ""emergency fund first, then invest."" Logically, that makes perfect sense – having a safety net for unexpected job loss, medical emergencies, or car repairs sounds like a no-brainer to avoid getting into debt.

My current situation is that I have a small emergency fund, maybe about two months' worth of essential expenses. I'm actively working on building it up to the recommended 3-6 months. However, watching the market fluctuate, even with the recent ups and downs, makes me feel like I'm missing out on potential gains. I've got some extra cash sitting in a high-yield savings account as part of my emergency fund, and while it's earning *something*, it's nowhere near what even a conservative index fund might return over time.

It feels like there’s this constant pull between being financially responsible and maximizing growth, especially when you're young and have a longer time horizon for investing. I get the whole ""sleep at night"" aspect of a fully funded emergency fund, but what if you're relatively stable in your job and have decent health insurance? Does that change the calculus at all?

So, I’m curious to hear your real-world experiences and perspectives.

1. For those who prioritize their emergency fund, at what point (e.g., number of months, specific amount) did you feel comfortable enough to start shifting more aggressively into investments?
2. Did anyone intentionally go against the ""emergency fund first"" advice and invest while still building their emergency fund, and if so, how did that pan out for you? Any regrets or successes?
3. What are some less conventional strategies you've seen or used to balance these two priorities, especially for beginners who are just starting out?

Thanks in advance for sharing your wisdom! Looking forward to learning from all of you.";OptionsTrader_Rob;beginners;4;214;false;true;2025-10-30 13:41:11.938+00;2025-12-15 13:41:18.233+00;;"[""budgeting"",""priorities""]";;
5e9ec334-4e90-491f-8d45-193f8c6e2b20;ESG investing - worth it or not?;"This is something I have been researching for a while. Here are my thoughts.

I would love to hear your perspectives on esg investing - worth it or not? and any experiences you can share.";Ekaterina Morozova;etfs;12;832;false;true;2025-10-20 19:38:57.482412+00;2025-11-03 15:38:57.482412+00;ef59f045-9410-4570-a512-f66b9a507fee;[];;
07353ea7-ae40-4c05-bfdb-edfe63fb071d;Retirement planning strategies for millennials;"Has anyone had experience with this? Would appreciate any insights.

I would love to hear your perspectives on retirement planning strategies for millennials and any experiences you can share.";Kwame Asante;crypto;35;755;false;true;2025-12-11 10:12:21.237629+00;2026-01-03 14:12:21.237629+00;baf6eee7-299a-4b1f-bb9e-7cac49eac28c;[];;
65d60770-84a9-42da-a33a-055ba3a50602;Tax-advantaged accounts explained (401k, IRA, Roth);"Hey everyone,

Long time lurker, first-time poster here! I've been trying to get a handle on my finances lately, and retirement planning has definitely been a big one eating at me. I'm in my late 20s and just started a new job with a pretty decent 401k match, which got me thinking seriously about actually *using* these tax-advantaged accounts beyond just skimming the HR packet. I've done some digging on Google and watched a few YouTube videos, and I think I've got the basic gist: 401k for employer-sponsored plans, IRA for individual contributions, and Roth versions mean you pay taxes now instead of later. But honestly, it still feels a bit like trying to navigate a dense jungle with just a compass and no real map.

The sheer number of options and the different tax implications are what's really making my head spin. I understand the idea of tax-deferred growth versus tax-free withdrawals, but when does one make more sense than the other? My income is decent now, but who knows what it'll be in 30-40 years when I retire. I'm trying to figure out the best way to prioritize my contributions. Should I max out my 401k match first, then go for a Roth IRA, or vice-versa? And what about backdoor Roths? That sounded like something out of a spy movie when I first heard it, and while I understand it's for high-income earners, I'm curious if it's something I should even be thinking about in the distant future.

So, for those of you who have a better handle on this, I'd love to hear your insights.

1. What's your personal strategy for prioritizing contributions between a 401k (especially with a company match) and an IRA (traditional vs. Roth)?
2. Are there any common beginner mistakes people make when choosing or utilizing these accounts that I should be aware of?
3. For someone in their late 20s, generally expecting their income to grow, does a Roth IRA overwhelmingly make more sense than a Traditional IRA, or are there situations where a Traditional still shines in the long run?

Thanks in advance for any wisdom you can share! This community has been a wealth of knowledge just from reading old threads, so I'm excited to finally engage.";RiskManager_Lisa;beginners;6;364;false;true;2025-11-30 13:30:31.312+00;2025-12-15 13:30:39.42+00;;"[""taxes"",""retirement""]";;
6f654077-4902-4968-b420-1f8862cbad8e;Tax efficient investing strategies;"What strategies have worked best for you in this area?

I would love to hear your perspectives on tax efficient investing strategies and any experiences you can share.";Florian Huber;general;10;156;false;true;2025-11-18 07:08:20.636111+00;2025-11-25 04:08:20.636111+00;69e41d5d-a460-436c-b263-41fea35d178f;[];;
d2bcaf6d-56aa-43b6-999a-f51dfd010c16;Emergency fund vs investing - what comes first?;"Hey everyone,

I'm pretty new to serious investing, and I've been doing a ton of reading lately, which has led me to a bit of a crossroads. The general wisdom I keep bumping into is ""build your emergency fund *before* you invest."" And intellectually, I totally get it – having 3-6 months' worth of expenses squirreled away seems like a sensible safety net for unexpected job loss, medical emergencies, or car repairs. It prevents you from having to sell investments at a loss just to cover urgent bills.

The thing is, I'm also really eager to get started with investing, especially seeing all the buzz about compound interest and getting in early. I've managed to build up about two months' worth of expenses in a high-yield savings account so far, and I'm consistently adding to it. But that 3-6 month target feels a bit far off, and every month that passes, I feel like I'm ""losing out"" on potential growth if I'm not investing.

I've even seen some arguments that say a *small* amount of investing early on, even simultaneously with building an emergency fund, can be beneficial for learning and building momentum. They suggest that missing out on *some* investing while you build a full emergency fund might actually be a bigger psychological hurdle than the financial one.

So, I'm really curious to hear from those of you who've been around the block a few times.

1. Did you strictly adhere to the ""emergency fund first"" rule, or did you try to do both simultaneously to some extent?
2. At what point did your emergency fund feel ""sufficient"" for you to start diverting more significant funds to investments? Was it a fixed number of months, or more of a feeling of financial security?
3. For someone who's feeling a bit antsy to start investing, is there a ""hybrid"" approach you'd recommend, perhaps a small monthly investment alongside aggressive emergency fund building until that safety net is complete?

Thanks in advance for sharing your experiences and insights! This community has been a wealth of information so far.";ContrarianCarl;beginners;6;248;false;true;2025-11-17 13:31:14.313+00;2025-12-15 13:31:21.712+00;;"[""budgeting"",""priorities""]";;
45d91f56-c77a-4e57-bf00-5d6759b4253c;Options trading for beginners;"Looking at the data, I see some patterns worth discussing.

I would love to hear your perspectives on options trading for beginners and any experiences you can share.";Min-Jun Kim;etfs;12;99;false;true;2025-11-17 00:49:19.962761+00;2025-11-24 21:49:19.962761+00;0b0ff7bb-8d56-4356-b491-1f4761be0b20;[];;
b998684b-8654-4d2d-9a98-0eb9679e432a;High yield savings vs investing;"I have been researching this topic extensively and would love to hear your thoughts and experiences.

I would love to hear your perspectives on high yield savings vs investing and any experiences you can share.";Natália Ferreira;general;19;191;false;true;2025-11-15 21:36:36.837825+00;2025-12-07 19:36:36.837825+00;84694f7b-1d6b-4a0d-a699-3da48395e639;[];;
93c73adf-cd2c-466c-9a9a-17cf10d848a5;Understanding expense ratios in ETFs;"Hey everyone,

I've been dipping my toes into ETFs lately, primarily as a way to diversify beyond individual stocks and get some broad market exposure without the hassle of picking a hundred different companies. It's been a pretty interesting journey so far, and I'm really starting to appreciate the simplicity and accessibility they offer.

One thing that keeps popping up in my research, though, and frankly, has me scratching my head a bit, is this idea of ""expense ratios."" I understand, at a high level, that they're the annual fees charged by the ETF provider to cover their operational costs – things like management, administration, and marketing. I've seen figures ranging from super low, like 0.03% for some broad market index funds, all the way up to 0.70% or even higher for more niche or actively managed ETFs. My gut tells me lower is better when it comes to fees, but I'm trying to wrap my head around *how much* of an impact they *really* have over the long term. Are we talking about a minor annoyance, or could a seemingly small difference in expense ratio eat significantly into returns over decades?

I’ve also noticed that some ETFs covering similar sectors or indexes have wildly different expense ratios. For example, I’ve found two S&P 500 ETFs where one charges 0.03% and another charges 0.09%. While that difference might seem tiny on paper, is there a compelling reason to ever choose the higher one? Are there hidden benefits or services that justify paying extra, or is it usually just a case of choosing the cheapest option for essentially the same exposure?

Also, what are your thoughts on ""expense ratio creep"" – where an ETF might start with a low fee but gradually increase it over time? Is this something to actively monitor, like checking annually, or is it generally not a huge concern with reputable providers?

Really keen to hear your experiences and insights on this. Thanks in advance for any wisdom you can share!";ESGInvestor_Emma;beginners;4;143;false;true;2025-10-12 13:40:07.22+00;2025-12-15 13:40:14.684+00;;"[""ETF"",""costs""]";;
67955eeb-2c50-4dc6-83a9-f9ba357aa588;Building an emergency fund;"I have some concerns about the current market conditions and wanted to get a discussion going.

I would love to hear your perspectives on building an emergency fund and any experiences you can share.";Jin Wang;beginners;19;662;false;true;2025-10-08 09:52:47.888487+00;2025-10-28 23:52:47.888487+00;02a17a2a-947e-4723-a1b0-07847a252072;[];;
5235c90b-7ba4-4700-8264-e79d27cbf46d;When to sell your investments;"This is something I have been researching for a while. Here are my thoughts.

I would love to hear your perspectives on when to sell your investments and any experiences you can share.";Ivan Sokolov;stocks;8;351;false;true;2025-10-12 01:13:47.742594+00;2025-10-19 14:13:47.742594+00;3ba28b37-32dd-4701-9a0a-be9dac832eb4;[];;
357dd2e6-ab91-4611-bc46-03e1af61a482;AI stocks beyond NVIDIA - hidden gems?;"Hey everyone,

Hope you're all doing well! So, I've been spending a *lot* of time lately trying to sift through the AI landscape, and honestly, it feels like every conversation eventually circles back to NVIDIA. Don't get me wrong, their dominance in the hardware space is undeniable and their growth has been phenomenal. I even jumped on the bandwagon a while back and rode that wave nicely. But lately, I can't shake the feeling that relying solely on NVDA for AI exposure might be a bit like investing in Ford in 1920 – great, but what about all the ancillary industries and software layers that are about to explode?

I’m talking about the picks and shovels *beyond* the GPU itself, or perhaps the unsung heroes building the actual AI applications that will redefine industries. I've been digging into areas like specialized ASIC designers (though that's a tough space to track for public companies), data labeling and annotation services, or even companies developing cutting-edge AI-powered software for niche markets. For instance, I stumbled upon a healthcare tech company recently that's using AI to significantly speed up drug discovery, and it got me thinking about how many more of these ""hidden gems"" are out there.

So, I wanted to open this up to the collective wisdom of the forum. Has anyone here been looking beyond the obvious AI plays?

1. What are some smaller-cap or less-talked-about companies you've identified that have a strong, defensible position in the AI ecosystem?
2. Are there any particular sub-sectors within AI (e.g., specific types of AI software, infrastructure, security) that you think are being overlooked by the broader market but have massive growth potential?
3. Any red flags or common pitfalls to watch out for when evaluating these ""hidden"" AI companies (e.g., greenwashing, speculative patents, over-reliance on a single client)?

Really keen to hear your thoughts and discover some new perspectives!";ContrarianCarl;stocks;6;73;false;true;2025-11-30 13:32:08.311+00;2025-12-15 13:32:21.102+00;;"[""AI"",""tech""]";;
116f0b16-a332-4706-b8b9-c2a9cfb677c5;Energy sector trends and outlook;"Has anyone had experience with this? Would appreciate any insights.

I would love to hear your perspectives on energy sector trends and outlook and any experiences you can share.";Reese Hamilton;news;25;286;false;true;2025-11-30 02:31:07.829978+00;2025-12-25 02:31:07.829978+00;f1d51fb2-8fc7-4cf3-ae85-5f9fee44b718;[];;
d0c1f87d-d6e3-480c-93a1-7ce6abe47ca4;The importance of asset allocation;"This is something I have been researching for a while. Here are my thoughts.

I would love to hear your perspectives on the importance of asset allocation and any experiences you can share.";Ishaan Roy;beginners;29;774;false;true;2025-11-27 18:45:06.844827+00;2025-12-26 00:45:06.844827+00;208ee35a-199b-46f7-87bb-76fcfdeeeb77;[];;
acf21489-44f2-48b4-9e1e-faaa39e39285;Healthcare sector investment opportunities;"I have been researching this topic extensively and would love to hear your thoughts and experiences.

I would love to hear your perspectives on healthcare sector investment opportunities and any experiences you can share.";Greta Hoffmann;general;12;98;false;true;2025-11-17 16:15:51.723136+00;2025-12-02 03:15:51.723136+00;5696183b-9225-4f6b-8607-bfd465db258d;[];;
fffecb83-d369-4a5c-bf20-e3361dfe9d60;DCA vs lump sum investing;"The recent news has got me thinking about this topic. Lets discuss.

I would love to hear your perspectives on dca vs lump sum investing and any experiences you can share.";Aarav Malhotra;news;32;315;false;true;2025-11-07 00:10:18.922197+00;2025-12-08 12:10:18.922197+00;25bc36dd-70ec-4ca2-8aec-5a6b8c59a74c;[];;
145f2415-290d-4a62-8644-b9776f8fa514;Understanding P/E ratios;"This is something I have been researching for a while. Here are my thoughts.

I would love to hear your perspectives on understanding p/e ratios and any experiences you can share.";Ricardo Oliveira;beginners;17;810;false;true;2025-10-31 00:47:51.9419+00;2025-11-17 06:47:51.9419+00;8b5c54bd-373a-4dee-a173-4a7d35ec8ef5;[];;
c638afc1-c992-41ef-9a42-57a33f799f6b;Sector rotation strategies;"I am new to investing and trying to understand this better.

I would love to hear your perspectives on sector rotation strategies and any experiences you can share.";María Fernanda López;crypto;34;540;false;true;2025-10-25 06:36:16.18036+00;2025-11-29 00:36:16.18036+00;7fd8b172-c003-4d37-a729-7d51525f9217;[];;
28da2fbf-ac73-452c-a262-8e9597b0ca19;Gold as a portfolio hedge;"Looking at the data, I see some patterns worth discussing.

I would love to hear your perspectives on gold as a portfolio hedge and any experiences you can share.";Nadia Petrov;general;19;391;false;true;2025-10-11 11:31:34.804221+00;2025-10-29 05:31:34.804221+00;dcac309c-2a1f-47a9-95d9-4f2972982038;[];;
b1d253c8-3f9a-4f5c-a16d-d0eec6d9af40;Commodity investing basics;"The recent news has got me thinking about this topic. Lets discuss.

I would love to hear your perspectives on commodity investing basics and any experiences you can share.";Sofia Andersson;etfs;31;813;false;true;2025-10-05 06:03:27.222972+00;2025-11-04 04:03:27.222972+00;3e8d2b90-6f34-4f0f-9d11-4e5357a7f879;[];;
e43ebd95-a8a1-4961-a847-25df5f4ead76;Industrial sector investment thesis;"What strategies have worked best for you in this area?

I would love to hear your perspectives on industrial sector investment thesis and any experiences you can share.";Logan Foster;crypto;48;322;false;true;2025-09-29 06:37:15.43436+00;2025-10-12 12:37:15.43436+00;f772b864-2838-4108-8530-738b4b29ef96;[];;
24737497-bf43-4b00-867a-69bd615c41d2;Portfolio rebalancing strategies;"What strategies have worked best for you in this area?

I would love to hear your perspectives on portfolio rebalancing strategies and any experiences you can share.";Bruno Azevedo;news;47;367;false;true;2025-09-16 03:21:21.056767+00;2025-10-06 06:21:21.056767+00;8ad5b8db-f68d-4474-bbd7-787351f0c634;[];;
f4c9daf7-0d3e-4600-8aa6-e4c57ff0269d;Inflation protection strategies;"I have been researching this topic extensively and would love to hear your thoughts and experiences.

I would love to hear your perspectives on inflation protection strategies and any experiences you can share.";Petra Novotná;news;26;332;false;true;2025-12-10 11:27:53.964116+00;2026-01-02 06:27:53.964116+00;d4e3fd44-a706-4449-a7f8-f20f7372fb0a;[];;
5e485bed-dee5-480c-a02d-1d0492599a3e;Understanding market cycles;"Looking for advice from experienced investors on this matter.

I would love to hear your perspectives on understanding market cycles and any experiences you can share.";Ana Belén Castro;stocks;10;846;false;true;2025-12-05 21:24:05.473362+00;2025-12-14 11:24:05.473362+00;91b70fbb-08e4-49ca-b44f-f939ccd015a3;[];;
17808248-2102-4885-a92c-2afde7ddf359;Market timing vs buy and hold;"This is something I have been researching for a while. Here are my thoughts.

I would love to hear your perspectives on market timing vs buy and hold and any experiences you can share.";Viktor Szabó;beginners;17;720;false;true;2025-12-08 03:23:56.617025+00;2025-12-22 19:23:56.617025+00;512d3d31-8835-4e37-9210-44e532917bfe;[];;
05aadb5e-5d79-4716-8c54-ff724aee4f81;Materials sector fundamentals;"What strategies have worked best for you in this area?

I would love to hear your perspectives on materials sector fundamentals and any experiences you can share.";Pedro Nascimento;etfs;3;234;false;true;2025-12-02 05:25:55.129708+00;2025-12-06 01:25:55.129708+00;856ef56f-23bc-43dd-a650-1c01df7ec302;[];;
40316b3f-0d23-46fe-bdbd-3fce7cf9335f;Consumer discretionary stocks review;"What strategies have worked best for you in this area?

I would love to hear your perspectives on consumer discretionary stocks review and any experiences you can share.";Defne Aydın;crypto;13;680;false;true;2025-11-28 12:36:33.773049+00;2025-12-12 04:36:33.773049+00;ca5f79f0-762b-47d9-8250-fb15dc405d57;[];;
2d54d2b1-41de-4128-a8b7-f97e3270a34d;Understanding market orders vs limit orders;"Hey everyone, new here and trying to get my head around the basics of placing trades. I've been doing some paper trading for a few weeks now and feel like I'm getting a handle on charting and identifying potential entry/exit points for stocks I'm interested in, but the actual execution of those trades is where I'm a bit hazy. Specifically, I'm struggling with understanding the real-world implications of using market orders versus limit orders.

I've watched a few YouTube videos and read some articles that explain the technical definitions: a market order executes immediately at the best available price, while a limit order only executes at or better than a specified price. On paper, it sounds simple enough. But my concern is about slippage, especially with market orders. I've seen warnings about how a seemingly small move in price could cost you a lot, particularly with volatile stocks or during fast-moving market conditions. This makes me lean towards limit orders for everything, just to be safe. But then I worry about my order not filling at all, and missing out on an opportunity if the price just keeps going up (or down, if I'm shorting).

So, for those of you who’ve been doing this a while, how do you decide which type of order to use in practice? Are there specific scenarios where a market order is genuinely preferable despite the risk of slippage? And when using limit orders, do you typically set them very close to the current ask/bid, or do you leave a little wiggle room to improve your chances of getting filled? Any insights or personal anecdotes would be super helpful as I try to wrap my head around this. Thanks in advance!";DividendHunter;beginners;6;180;false;true;2025-10-13 13:31:26.038+00;2025-12-15 13:31:36.154+00;;"[""trading"",""orders""]";;
931df44a-83bc-43f7-be17-ca8215ce4253;Communication services sector trends;"After analyzing the market trends, I believe there are some interesting opportunities to discuss.

I would love to hear your perspectives on communication services sector trends and any experiences you can share.";Patricia Serrano;etfs;27;666;false;true;2025-10-12 15:27:01.67802+00;2025-11-09 18:27:01.67802+00;96337be2-61b9-481e-81db-94a930f42da1;[];;
3eb6be5c-e06f-4733-b04d-f59acfdf4501;How to read a company's balance sheet;"Hey everyone! I've been lurking for a while, soaking up all the great advice here, especially in the beginners' section. I've finally gathered enough courage to dip my toes into actual company analysis beyond just looking at P/E ratios and ""buy"" recommendations.

I've been trying to wrap my head around balance sheets lately. I know they're supposed to be a snapshot of a company's financial health at a specific point in time, showing assets, liabilities, and equity. I've watched a few YouTube videos and even tried to follow some guides, but honestly, when I pull up an actual 10-K, it still feels like I'm staring at a foreign language. I get the basic idea: Assets = Liabilities + Equity. But then I see all these line items like ""Goodwill and Other Intangibles,"" ""Deferred Revenue,"" ""Non-controlling Interests,"" and my brain just starts to short-circuit. It feels like there's so much nuance beneath those main categories.

I’m really trying to move past just glancing at the ""total assets"" and ""total liabilities"" to see if one is bigger than the other. I want to understand what a *healthy* balance sheet truly looks like for different types of companies. For example, I’ve read that high inventory can be a red flag, but for a retailer, shouldn't they have a good chunk of inventory? And what about companies in different industries – does a tech company's balance sheet look fundamentally different from, say, a utility company's?

So, a few specific questions for you seasoned investors:

1. Beyond the main categories, what are the absolute *must-know* line items on a balance sheet that beginners should really focus on? Are there a few key ratios derived from the balance sheet that are universally helpful?
2. How do you approach analyzing a balance sheet in the context of different industries? Are there specific benchmarks or red flags you look for based on the company's business model?
3. What’s your favorite resource (book, website, course) for really understanding balance sheets from a practical, investment-oriented perspective?

Thanks in advance for any insights you can share! I'm genuinely eager to learn.";QuanTrader_Alex;beginners;4;287;false;true;2025-09-24 13:40:20.258+00;2025-12-15 13:40:26.413+00;;"[""analysis"",""fundamentals""]";;
909d84ea-1751-49bc-97a2-33094e1e5f84;Understanding market orders vs limit orders;"Hey everyone, long-time lurker, first-time poster here! I've been dabbling in investing for a few months now, mostly with ETFs and some larger, more established companies. Up until now, I've pretty much just hit ""buy"" or ""sell"" and let the chips fall where they may, which I'm pretty sure means I've been using market orders exclusively. But lately, as I'm trying to get a bit more serious and understand the mechanics better, I've started hearing a lot about ""limit orders"" and it's got me wondering if I'm missing out on a fundamental strategy.

I've done some basic reading – watched a few YouTube videos and skimmed some articles – and I think I get the gist. Market orders execute immediately at the best available price, while limit orders let you specify the exact price you're willing to buy or sell at. It seems like using limit orders offers more control, especially in volatile markets, but I'm also seeing discussions about how they might not execute if the price doesn't hit your specified limit, which is a bit of a trade-off. My main concern is that I might be leaving money on the table or taking on unnecessary risk by always defaulting to market orders. Is there a generally accepted ""best practice"" for beginners, or is it more nuanced than that?

So, I'm hoping to tap into the collective wisdom here!

1. For those of you who've been trading for a while, when do you *always* use a limit order, even for seemingly straightforward trades? Are there particular scenarios or types of assets where it's non-negotiable?
2. How do you decide on your limit price? Is it a fixed percentage above/below the current market price, or do you factor in things like support/resistance levels, news, or even just gut feeling?
3. Are there any common beginner mistakes when using limit orders that I should be particularly wary of? I don't want to accidentally set a limit too far off and miss a good opportunity, for example.

Really appreciate any insights you all can share. Thanks in advance!";ContrarianCarl;beginners;4;350;false;true;2025-10-14 13:41:22.774+00;2025-12-15 13:41:28.914+00;;"[""trading"",""orders""]";;
daabb50e-e86a-4f4d-b498-9fba372fd65f;What's the difference between stocks and bonds?;"Hey everyone,

I'm a total newbie trying to get my head around investing, and I keep hearing the terms ""stocks"" and ""bonds"" thrown around. I've done some initial reading, but honestly, it still feels a bit muddy. My granddad always used to say, ""Don't put your eggs all in one basket, but make sure you know what *kind* of eggs you're buying!"" And right now, I feel like I only know about 50% of what he meant.

From what I gather, stocks are like owning a piece of a company. If the company does well, my stock goes up, and if not, it goes down. And sometimes they pay dividends, which is like a bonus, right? Bonds, on the other hand, seem more like loaning money to a company or a government. They pay interest over time, and then you get your original money back at the end. It sounds like bonds are generally safer but offer lower returns, while stocks are riskier but have higher potential for growth. Is that a fair initial assessment?

I'm trying to figure out how these fit into a diversified portfolio. Like, if I'm young and have a high-risk tolerance, should I just be 100% in stocks? Or is there still a benefit to having some bonds even then? Also, what are the different *types* of bonds I should be aware of? I’ve seen terms like “corporate bonds” and “government bonds,” but I’m not sure what the practical differences mean for an investor. And lastly, how do you even go about buying bonds as an individual investor? Is it as straightforward as buying stocks through a brokerage, or are there special platforms or considerations?

Any insights, analogies, or practical advice would be hugely appreciated! Thanks in advance for helping a beginner navigate these waters.";GrowthSeeker_Amy;beginners;4;325;false;true;2025-09-19 13:40:48.744+00;2025-12-15 13:40:56.702+00;;"[""basics"",""bonds""]";;
7897a358-4a46-43d2-8af8-425ca2640eb7;AI stocks beyond NVIDIA - hidden gems?;"Hey everyone, long-time lurker, first-time poster in the AI section! I've been a pretty big NVIDIA bull for a while (who hasn't, right?), and it's been an incredible ride. But lately, I'm finding myself wondering if all the hype and stratospheric valuations mean we're missing out on some equally compelling, maybe even overlooked, AI plays outside of the obvious chip giants. Don't get me wrong, NVDA's still a powerhouse, but the sheer size of its market cap makes me think the runway for truly exponential growth, relative to today's price, might be shorter than for some other contenders.

I've been poking around at some of the lesser-known names, or companies whose AI contributions aren't as prominently highlighted. For example, I came across SoundHound AI ($SOUN) which seems to have some interesting tech in voice AI, but is it just a flash in the pan, or genuinely differentiated? Then there are the infrastructure plays beyond chips themselves – companies working on data annotation, specialized AI software, or even the energy side of things. It feels like there's a whole universe of opportunities that don't get the same headlines.

So, I'm throwing it out to you seasoned investors:

1. What are some AI companies *not* named NVIDIA, AMD, or Microsoft that you're genuinely excited about for the long term? I'm open to anything from small caps to mid-caps, as long as the AI thesis is strong.
2. Are there specific sub-sectors within AI that you think are currently undervalued or poised for massive growth that aren't getting mainstream attention (e.g., AI in healthcare diagnostics, robotics software, sustainable AI infrastructure)?
3. What's your ""gut check"" on some of these smaller AI players – how do you differentiate between genuine innovation and just riding the AI wave without a solid moat?

Looking forward to hearing your insights and discovering some truly hidden gems! Cheers.";BreakoutBetty;stocks;5;124;false;true;2025-12-06 13:41:59.242+00;2025-12-06 13:41:59.242+00;;"[""AI"",""tech""]";;
647f0224-e58d-408c-a71d-70ba2f38d6ce;How to set up automatic investments;"Hey everyone,

So, I've been dipping my toes into investing for about six months now, mostly just buying a few shares here and there when I remember or feel like I have some extra cash. But honestly, it's pretty sporadic, and I'm starting to worry I'm missing out on the power of compounding or just generally not being consistent enough. I've been reading a bit about setting up automatic investments, and it really seems like the way to go for long-term growth and taking the emotion out of it. The idea of ""set it and forget it"" is super appealing, especially since my discipline can be a bit... inconsistent, to say the least!

I've looked into dollar-cost averaging and how setting up recurring buys can really smooth out market volatility, which makes a lot of sense conceptually. I'm primarily focused on ETFs right now, mostly broad market ones, as I'm still learning the ropes and don't want to get too adventurous. I've seen some platforms offer features for this, but I'm a bit overwhelmed with the specifics of actually implementing it.

For those of you who have successfully automated your investments, I'm really curious:

1. What's been your go-to platform for setting up these automatic contributions and purchases, and why did you choose it over others? Are there any hidden fees or quirks I should be aware of?
2. How do you personally decide on the frequency and amount for your automatic investments? Is it a fixed percentage of income, a specific dollar amount, or something else entirely?
3. Any tips for a beginner on avoiding common pitfalls or optimizing an automated investment strategy? I'm trying to avoid making any silly mistakes right out of the gate.

Thanks in advance for any insights – really appreciate the collective wisdom here!";WallStreetWolf;beginners;4;162;false;true;2025-11-14 13:41:01.085+00;2025-12-15 13:41:07.824+00;;"[""automation"",""strategy""]";;
249a5a72-bde0-4b1f-adf4-f85a246c304e;Real estate vs stock market investing;"Looking at the data, I see some patterns worth discussing.

I would love to hear your perspectives on real estate vs stock market investing and any experiences you can share.";Chidi Eze;general;34;616;false;true;2025-10-11 21:58:56.331273+00;2025-11-18 14:58:56.331273+00;b38b018f-2318-4d5a-aeee-5797c73129ca;[];;
406ce84c-8b84-46e8-baa1-edfaf96250b2;Currency hedging for international investments;"Looking for advice from experienced investors on this matter.

I would love to hear your perspectives on currency hedging for international investments and any experiences you can share.";Yasmin Osman;general;11;537;false;true;2025-10-10 14:54:03.054368+00;2025-10-23 09:54:03.054368+00;adf2355b-e65c-40a6-ad37-d4edc41e0521;[];;
8d0210a6-55a8-49be-80c5-e681512df435;Best brokers with low fees in 2025;"What strategies have worked best for you in this area?

I would love to hear your perspectives on best brokers with low fees in 2025 and any experiences you can share.";Mei Lin;general;32;789;false;true;2025-10-04 12:21:22.670544+00;2025-11-03 04:21:22.670544+00;0d8d3ad9-2a02-49d6-b488-16f1064712d2;[];;
706eb69f-8191-46ab-95da-a905cb6f6c20;Factor investing approaches;"I have some concerns about the current market conditions and wanted to get a discussion going.

I would love to hear your perspectives on factor investing approaches and any experiences you can share.";Aleksei Kozlov;beginners;55;204;false;true;2025-10-02 10:44:00.376201+00;2025-10-29 19:44:00.376201+00;4c05e793-2a5c-435d-9ab8-cd8672021bba;[];;
90a40a4f-c84d-4a93-841e-bd8344fa05ff;IPO investing strategies;"The recent news has got me thinking about this topic. Lets discuss.

I would love to hear your perspectives on ipo investing strategies and any experiences you can share.";Diego Escobar;crypto;43;984;false;true;2025-09-16 20:41:58.981676+00;2025-10-03 04:41:58.981676+00;e4d5fd31-0578-4f7b-b09b-ab92a4fc74ec;[];;
16aae83c-cdd3-4a20-8f1a-d4a034a6f90a;Emergency fund: How much is really enough?;Everyone says 3-6 months of expenses, but I live in an expensive city and that seems like a lot to keep in a savings account. Is there a smarter way to structure an emergency fund?;BudgetMaster101;beginners;0;178;false;true;2025-12-23 15:17:27.076276+00;2025-12-23 15:17:27.076276+00;;"[""savings"",""personal-finance""]";;
90c7e8ab-7433-40bb-8ac2-04ffd3756d82;What's the difference between stocks and bonds?;I understand stocks are ownership and bonds are debt, but I'm confused about when to use each in a portfolio. At what age should I start shifting from stocks to bonds?;YoungInvestor23;beginners;0;145;false;true;2025-12-23 15:17:27.076276+00;2025-12-23 15:17:27.076276+00;;"[""stocks"",""bonds"",""portfolio""]";;
1c4b7faf-fc33-4eb2-b8f4-d686b07c8a40;Microsoft vs Google: Which is the better AI play?;Both companies are heavily invested in AI. Microsoft has OpenAI partnership, Google has Gemini. Looking at fundamentals, which offers better risk-adjusted returns for the next 5 years?;AIInvestor2025;stocks;0;287;false;true;2025-12-23 15:17:27.076276+00;2025-12-23 15:17:27.076276+00;;"[""technology"",""ai""]";MSFT;stocks
9d95f743-c798-403a-9b6d-c43f55c4b7b7;Dividend aristocrats for passive income;Building a dividend portfolio and researching aristocrats. Currently looking at JNJ, PG, and KO. What's your strategy for balancing yield vs growth potential?;DividendKing;stocks;0;198;false;true;2025-12-23 15:17:27.076276+00;2025-12-23 15:17:27.076276+00;;"[""dividends"",""income""]";JNJ;stocks
2af55c52-677f-4c2f-b924-e790edec99bd;Utilities as defensive investments;"This is something I have been researching for a while. Here are my thoughts.

I would love to hear your perspectives on utilities as defensive investments and any experiences you can share.";Letícia Machado;stocks;2;478;false;true;2025-12-10 02:24:04.843296+00;2025-12-12 11:24:04.843296+00;8d1a3c23-bb6b-4b95-bdfd-75a921a8e9e9;[];;
77f02046-c65f-4525-990a-5be8c3c3af83;Venture capital investment trends;"What strategies have worked best for you in this area?

I would love to hear your perspectives on venture capital investment trends and any experiences you can share.";Zeynep Arslan;beginners;27;269;false;true;2025-12-01 20:36:03.022269+00;2025-12-30 10:36:03.022269+00;c421a286-52c9-4e1f-92b9-5f6541fc452c;[];;
4bafe7bf-93bd-4b2a-b0bb-eabe85996067;Private equity vs public markets;"The recent news has got me thinking about this topic. Lets discuss.

I would love to hear your perspectives on private equity vs public markets and any experiences you can share.";Juliana Santos;news;16;481;false;true;2025-12-01 02:39:37.739957+00;2025-12-21 12:39:37.739957+00;829d165b-6df5-453e-9bea-3cabf178d4a2;[];;
d3b46d56-55a8-4629-9b16-471c818cbad1;Short selling explained;"The recent news has got me thinking about this topic. Lets discuss.

I would love to hear your perspectives on short selling explained and any experiences you can share.";Astrid Nielsen;crypto;26;666;false;true;2025-11-21 20:42:03.717268+00;2025-12-17 06:42:03.717268+00;37f6ae79-d254-488e-857f-50386289bb84;[];;
20ee967d-0357-4575-b64d-8d3c740ce757;SPAC investing risks and rewards;"Looking at the data, I see some patterns worth discussing.

I would love to hear your perspectives on spac investing risks and rewards and any experiences you can share.";Ahmed Hassan;beginners;26;855;false;true;2025-11-08 01:59:56.526616+00;2025-12-08 23:59:56.526616+00;a7f96dec-4e7a-4617-a9d3-62618499ecfa;[];;
835b524f-a347-4e3f-876b-ebbc922e8497;Merger arbitrage opportunities;"The recent news has got me thinking about this topic. Lets discuss.

I would love to hear your perspectives on merger arbitrage opportunities and any experiences you can share.";Natália Ferreira;news;20;903;false;true;2025-10-30 04:50:24.449996+00;2025-11-18 16:50:24.449996+00;881a02f8-54f5-4819-ad46-2ed132d40a1b;[];;
3ac57945-5efa-4a9b-b063-67166a9ce8a9;REIT investing pros and cons;"I have been researching this topic extensively and would love to hear your thoughts and experiences.

I would love to hear your perspectives on reit investing pros and cons and any experiences you can share.";Priya Sharma;general;20;484;false;true;2025-10-27 06:40:21.989576+00;2025-11-13 00:40:21.989576+00;0206ca50-ad6e-40eb-81fb-ca0fd9712071;[];;
e736cc4f-3027-4b69-954c-9d0ba451e5a8;Tax loss harvesting: Is it worth the hassle?;End of year approaching and looking at positions underwater. The wash sale rules seem complicated. Is tax loss harvesting really worth it for average investors?;TaxOptimizer;strategies;0;234;false;true;2025-12-23 15:17:27.076276+00;2025-12-23 15:17:27.076276+00;;"[""taxes"",""strategy""]";;
65d99691-383b-46b4-aec1-8e8fdce58a0b;Is the US dollar losing reserve currency status?;With BRICS nations discussing alternatives and de-dollarization trends, should we be worried about the USD? What would this mean for US-based investors?;GlobalMacro;general;0;389;false;true;2025-12-23 15:17:27.076276+00;2025-12-23 15:17:27.076276+00;;"[""currencies"",""macro""]";;
a9496775-bac2-451f-9121-89f6d8bedb27;Impact of AI on financial markets;AI is transforming trading. With algo trading and AI analysis becoming mainstream, is there still room for retail investors? Or will the machines dominate?;AIFuturist;general;0;423;false;true;2025-12-23 15:17:27.076276+00;2025-12-23 15:17:27.076276+00;;"[""ai"",""technology""]";;
b263486e-b672-4f83-bf7a-c490e502aca4;Factor investing: Value vs Momentum;Academic research supports both value and momentum factors. They're somewhat negatively correlated. What's the optimal blend for a long-term portfolio?;QuantInvestor;strategies;0;178;false;true;2025-12-23 15:17:27.076276+00;2025-12-23 15:17:27.076276+00;;"[""factors"",""quant""]";;
97c8f8d8-28fa-48b2-8ae8-1a538add4df6;Japanese yen weakness - trading opportunity?;BOJ policy divergence has weakened the yen significantly. Is this a buying opportunity for USD/JPY shorts, or could the yen weaken further?;ForexTrader;general;0;234;false;true;2025-12-23 15:17:27.076276+00;2025-12-23 15:17:27.076276+00;;"[""forex"",""currencies""]";USDJPY;currencies
8ca056b9-7721-4bcd-9301-de4553c43275;Climate change and investment opportunities;Looking at clean energy, EVs, and sustainable investments. Are these still good plays or is the sector overvalued after the 2021 hype?;GreenInvestor;general;0;298;false;true;2025-12-23 15:17:27.076276+00;2025-12-23 15:17:27.076276+00;;"[""esg"",""clean-energy""]";;
c62e069c-fbe5-4ec5-96e5-e416659b660b;The barbell strategy: Extreme diversification;Thinking about allocating 80% to ultra-safe bonds and 20% to high-risk/high-reward assets. Has anyone implemented this Nassim Taleb-style approach successfully?;AntifragileInvestor;strategies;0;189;false;true;2025-12-23 15:17:27.076276+00;2025-12-23 15:17:27.076276+00;;"[""risk-management"",""allocation""]";;
9854fd50-5c6d-49a7-8d3f-9e8bcf6f42fc;Solana vs Ethereum for DeFi applications;Speed and fees make Solana attractive, but Ethereum has the ecosystem and decentralization. For someone building DeFi apps, which chain has better long-term prospects?;DeFiDeveloper;crypto;0;378;false;true;2025-12-23 15:17:27.076276+00;2025-12-23 15:17:27.076276+00;;"[""defi"",""blockchain""]";SOL;crypto
76ccb809-aff8-480f-a2e9-78fee02e49c2;Candlestick patterns: Which ones actually matter?;There are hundreds of candlestick patterns but most seem unreliable in isolation. Which patterns do you find most reliable when combined with other confluence factors?;CandlestickMaster;technical;0;345;false;true;2025-12-23 15:17:27.076276+00;2025-12-23 15:17:27.076276+00;;"[""candlesticks"",""patterns""]";;
95b00a20-88a0-4179-a46c-648c10035dbc;Crypto portfolio allocation strategies;Currently 60% BTC, 30% ETH, 10% alts. Is this too conservative? Some say alts have higher upside in bull markets. Looking for perspectives on risk management in crypto.;CryptoPortfolio;crypto;0;289;false;true;2025-12-23 15:17:27.076276+00;2025-12-23 15:17:27.076276+00;;"[""portfolio"",""strategy""]";;
7627aca1-fb9d-446f-84e2-267a0f6a4497;Fibonacci retracements in crypto markets;Do Fibonacci levels work differently in crypto vs stocks? I've noticed 0.618 retracements are often respected in BTC but less so in altcoins. Is this just noise?;FibTrader;technical;0;234;false;true;2025-12-23 15:17:27.076276+00;2025-12-23 15:17:27.076276+00;;"[""fibonacci"",""crypto""]";BTC;crypto
10c59cab-dde3-46c5-bf28-ced3530d7905;Volume profile analysis for support/resistance;Just started using volume profile instead of traditional S/R levels. The high volume nodes seem more reliable. Anyone else incorporate this into their analysis?;VolumeAnalyst;technical;0;198;false;true;2025-12-23 15:17:27.076276+00;2025-12-23 15:17:27.076276+00;;"[""volume"",""support-resistance""]";;
837b7e96-b328-42cc-97a8-44fd4cb4061d;Moving average crossover in trending markets;Using 50/200 EMA crossover on S&P 500. The golden cross in October was a great signal. How do you filter false signals in choppy, sideways markets?;TrendFollower;technical;0;267;false;true;2025-12-23 15:17:27.076276+00;2025-12-23 15:17:27.076276+00;;"[""moving-averages"",""trends""]";SPY;indices
e27b140d-e839-4211-bf76-a3b1440908e1;Layer 2 solutions: Arbitrum vs Optimism;Both are major Ethereum L2s with their own tokens. From an investment perspective, which has better tokenomics and adoption metrics? TVL seems close but Arbitrum edges ahead.;L2Explorer;crypto;0;234;false;true;2025-12-23 15:17:27.076276+00;2025-12-23 15:17:27.076276+00;;"[""ethereum"",""layer2""]";;
705dbb34-e4ae-4211-a022-e69e37e7eb6f;NVIDIA valuation: Bubble or justified?;P/E of 60+ for a hardware company seems crazy, but their AI moat is real. Data center revenue is exploding. How high can NVDA realistically go?;ChipInvestor;stocks;3;623;false;true;2025-12-23 15:17:27.076276+00;2025-12-23 15:17:27.076276+00;;"[""semiconductors"",""ai""]";NVDA;stocks
74e2b501-e9b7-425d-9f61-7386d497a2cc;Fed rate cuts in 2025: What's the impact?;With inflation cooling, the Fed is expected to cut rates. How should we position portfolios? Growth stocks should benefit, but are they already priced in?;MacroWatcher;general;2;456;false;true;2025-12-23 15:17:27.076276+00;2025-12-23 15:17:27.076276+00;;"[""fed"",""interest-rates""]";;
d634c72e-457f-482d-a73c-38699332c8b8;RSI divergence strategy - does it really work?;I've been testing RSI divergence signals on daily charts for the past 6 months. Win rate around 55% which is barely profitable after fees. What am I missing?;ChartTrader;technical;2;312;false;true;2025-12-23 15:17:27.076276+00;2025-12-23 15:17:27.076276+00;;"[""indicators"",""strategy""]";;
6c830a4c-e564-4b98-b0b0-48123ab12b01;Bitcoin halving impact on price historically;With the 2024 halving complete, looking at historical data: 2012, 2016, 2020 halvings all preceded major bull runs, but usually 12-18 months later. What's different this time with ETFs?;BitcoinAnalyst;crypto;2;534;false;true;2025-12-23 15:17:27.076276+00;2025-12-23 15:17:27.076276+00;;"[""bitcoin"",""halving""]";BTC;crypto
6fb1e8f8-610d-462d-ac3c-8abfb1875b96;DOGE coin analytics;Dear crypto investors, please share your view about doge coin and it`s developemnt in 2026;Mark Lindt;crypto;0;0;false;true;2026-01-08 12:26:33.488505+00;2026-01-08 12:26:33.488505+00;baa65de5-78d4-4128-865f-a59c77ac7492;"[""crypto"",""analytics""]";DOGE;crypto
abdc9fad-38f7-446f-abc8-6f7245cd8beb;Building a three-fund portfolio;Classic Bogleheads approach: US total market, international, and bonds. What percentages do you use? I'm 30 and thinking 70/20/10 split.;BogleheadFan;strategies;2;456;false;true;2025-12-23 15:17:27.076276+00;2025-12-23 15:17:27.076276+00;;"[""indexing"",""passive""]";VTI;stocks
1a6d5c81-e32d-4dc6-8996-85d9fe8ae34b;Small caps rotation incoming?;With rate cuts expected, small caps historically outperform. IWM has lagged SPY significantly. Time to rotate into Russell 2000?;SmallCapHunter;stocks;2;267;false;true;2025-12-23 15:17:27.076276+00;2025-12-23 15:17:27.076276+00;;"[""small-caps"",""rotation""]";IWM;indices
f76fdc78-465e-4d6f-a104-ec644913740e;Gold as inflation hedge - still relevant?;Gold hasn't performed great during recent high inflation. Is the traditional inflation hedge narrative broken, or is there a lag effect?;GoldBug2024;commodities;2;312;false;true;2025-12-23 15:17:27.076276+00;2025-12-23 15:17:27.076276+00;;"[""commodities"",""inflation""]";GOLD;commodities
89404136-a8cc-4243-a36e-585ddd631cc4;Should I pay off debt before investing?;I have about $15k in student loans at 6% interest. Should I focus on paying these off first, or start investing in my 401k? My employer matches 3% and I'm not contributing anything yet.;DebtFreeJourney;beginners;2;234;false;true;2025-12-23 15:17:27.076276+00;2025-12-23 15:17:27.076276+00;;"[""debt"",""investing-basics""]";;
ceb25355-ba2b-42c8-a9af-a81f91577f41;What is compound interest and why does it matter?;"I keep hearing about compound interest being the ""eighth wonder of the world"" but I don't fully understand how it works. Can someone explain with simple examples how much difference it makes over 10, 20, 30 years?";RetirementPlanner;beginners;2;156;false;true;2025-12-23 15:17:27.076276+00;2025-12-23 15:17:27.076276+00;;"[""investing-basics"",""retirement""]";;
422c17a8-dd1a-4ab8-b5bb-f7decffde778;How to read a balance sheet for beginners?;I've started learning about fundamental analysis and I'm trying to understand balance sheets. What are the key metrics I should focus on first? I find assets, liabilities, and equity confusing. Any tips for a complete beginner?;FinanceNewbie2024;beginners;2;89;false;true;2025-12-23 15:17:27.076276+00;2025-12-23 15:17:27.076276+00;;"[""fundamentals"",""education""]";;
aa4bcfc1-377a-464f-bb0f-80c5301d291e;Dollar cost averaging vs lump sum investing;Just received a $50k inheritance. Should I invest it all at once or DCA over 12 months? Statistics favor lump sum but psychologically DCA feels safer.;InheritanceInvestor;strategies;3;478;false;true;2025-12-23 15:17:27.076276+00;2025-12-23 15:17:27.076276+00;;"[""dca"",""psychology""]";;
868f598b-740a-413f-b3f7-cf75212b43cd;Real estate vs stock market for long-term wealth;Family keeps telling me to buy property, but historically stocks have outperformed. Considering leverage, tax benefits, and rental income - which is actually better?;WealthBuilder;general;3;567;false;true;2025-12-23 15:17:27.076276+00;2025-12-23 15:17:27.076276+00;;"[""real-estate"",""comparison""]";;
d4de53b5-cdd6-447c-9daf-31cf81d138e7;Options wheel strategy for income;Running the wheel on stable stocks like AAPL and AMD. Getting about 2-3% monthly in premiums. What are the risks I might be underestimating?;OptionsTrader;strategies;3;345;false;true;2025-12-23 15:17:27.076276+00;2025-12-23 15:17:27.076276+00;;"[""options"",""income""]";AAPL;stocks
b8c2dea0-2bd7-4436-9f1f-3ec18653c6de;Best dividend aristocrats for 2024;"Hey everyone,

Been doing a deep dive into dividend investing lately, and with all the market volatility we've seen, the idea of reliable income streams is looking pretty attractive. I've always admired the Dividend Aristocrats – companies that have not just paid, but actually increased their dividends for at least 25 consecutive years. That kind of consistency really speaks to the quality of their underlying businesses, especially in tougher economic times. It's like finding a steady lighthouse in a choppy sea, you know?

I've been sifting through the list, looking at various sectors, trying to pinpoint which of these titans might be best positioned for the year ahead. With interest rates still a factor and inflation being sticky, some sectors might face more headwinds than others. I've been eyeing some of the consumer staples giants like Procter & Gamble and Coca-Cola, as their products tend to be more recession-resistant. But then you’ve got industrials like Dover or Johnson Controls, which also have amazing track records and could benefit from infrastructure spending or renewed industrial activity.

So, I’m curious to tap into the collective wisdom here. For those of you who actively invest in or track Dividend Aristocrats, what are your top picks for 2024 and why? Are there any that you think are particularly undervalued right now, offering a good entry point? And on the flip side, are there any that you're avoiding, perhaps due to sector-specific concerns or declining growth prospects despite their dividend history? Excited to hear your thoughts and insights!";DividendHunter;stocks;9;498;false;true;2025-12-14 13:41:46.63+00;2025-12-15 13:41:52.487+00;;"[""dividends"",""income""]";;
be113bbf-76b5-4e53-9652-72f4c2562f14;Best dividend aristocrats for 2024;"Hey everyone, hope your portfolios are humming along!

I've been knee-deep in research lately, trying to refine my long-term income strategy, and naturally, dividend aristocrats have jumped right back to the top of my list. With all the economic uncertainty swirling around – inflation stubbornly high one minute, recession fears the next – I find myself leaning heavily into companies with proven track records of not just paying, but *increasing* their dividends consistently. It's that reliability that really appeals to me right now.

Last year, I put a decent chunk into some of the usual suspects like KO and PEP, and they performed admirably, giving me that nice passive income stream I'm always chasing. But as we head further into 2024, I'm wondering if there are some less obvious choices or perhaps some overlooked gems among the aristocrat list that are particularly well-positioned for the current and anticipated economic landscape. I've been looking at some healthcare names like JNJ and ABBV, and even some industrials like MMM (despite its current woes, the dividend history is undeniable), but I'm keen to hear what the collective wisdom here has to say.

So, to spark the discussion, I've got a few questions:

1.  Beyond the S&P 500 Dividend Aristocrats list, are there any *other* companies you'd consider ""honorary aristocrats"" due to their dividend history and current fundamentals that you think are great buys for 2024?
2.  Given the interest rate environment and inflation, are you prioritizing specific sectors or characteristics (e.g., pricing power, low debt) more heavily when evaluating aristocrats?
3.  What's one aristocrat you're *avoiding* right now and why? (Maybe a red flag I'm missing!)

Looking forward to hearing everyone's thoughts and finding some new ideas to dig into!";InvestorPro_Mike;stocks;6;545;false;true;2025-10-25 13:31:53.807+00;2025-12-15 13:32:01.994+00;;"[""dividends"",""income""]";;
e585bfa1-ab14-4f50-98bd-559fc76a9679;How to set up automatic investments;"Hey everyone,

I've been lurking for a while, soaking up all the amazing advice here, and now I'm finally taking the plunge into automatic investing. My current strategy is... well, it's pretty much non-existent beyond squirreling away some cash irregularly when I remember. I've realized that if I want to get serious about building wealth, I need to automate this whole process. The idea of ""set it and forget it"" really appeals to me – I figure if the money's gone before I even see it, I'm less likely to spend it on impulse buys.

I've been doing some digging and it seems like most platforms offer some form of recurring investments, whether it's through direct deposit splits or scheduled transfers to a brokerage account, and then further automation to buy specific ETFs or mutual funds. I'm mainly looking at setting up something consistent for my Roth IRA and possibly a taxable brokerage account down the line. I've seen terms like Dollar-Cost Averaging (DCA) thrown around, which makes total sense to me – smoothing out the market's ups and downs by buying regularly. My main goal is to be consistently putting money to work without having to manually initiate a transfer and then place a trade every single time. It feels like there's a good way to streamline this that I'm just not quite grasping yet.

So, I was hoping some of you seasoned investors could weigh in. My main questions are:

1. For those of you who use automatic investments, what's your preferred workflow? Do you set up direct deposit to split funds right into your brokerage, or do you have a recurring transfer from your bank?
2. Beyond simply transferring funds, what are the best ways to automate the actual *purchase* of investments (ETFs/mutual funds) once the money hits the brokerage account? Are there platforms that do this particularly well, or is it largely a manual step for most people?
3. Any common pitfalls or things to watch out for when setting up automation? I hear about things like cash drag if funds aren't invested quickly, but are there other less obvious traps?

Appreciate any insights you guys can share! Looking forward to hearing your strategies.";RetiredTrader;beginners;6;82;false;true;2025-10-17 13:30:59.726+00;2025-12-15 13:31:09.676+00;;"[""automation"",""strategy""]";;